{
    "confidence_score": 0.855095386505127,
    "ptm": 0.6993784308433533,
    "iptm": 0.6597337126731873,
    "ligand_iptm": 0.0,
    "protein_iptm": 0.6597337126731873,
    "complex_plddt": 0.9039358496665955,
    "complex_iplddt": 0.8832415342330933,
    "complex_pde": 0.6522189974784851,
    "complex_ipde": 5.785611152648926,
    "chains_ptm": {
        "0": 0.9063037633895874,
        "1": 0.9085318446159363,
        "2": 0.9071186780929565,
        "3": 0.9678375720977783
    },
    "pair_chains_iptm": {
        "0": {
            "0": 0.9063037633895874,
            "1": 0.6947020292282104,
            "2": 0.7084683179855347,
            "3": 0.25075846910476685
        },
        "1": {
            "0": 0.6919840574264526,
            "1": 0.9085318446159363,
            "2": 0.689781129360199,
            "3": 0.3803640902042389
        },
        "2": {
            "0": 0.6995707750320435,
            "1": 0.7073521018028259,
            "2": 0.9071186780929565,
            "3": 0.24809978902339935
        },
        "3": {
            "0": 0.32905513048171997,
            "1": 0.48291534185409546,
            "2": 0.30619561672210693,
            "3": 0.9678375720977783
        }
    }
}