{
    "confidence_score": 0.73927241563797,
    "ptm": 0.43965691328048706,
    "iptm": 0.3241669237613678,
    "ligand_iptm": 0.0,
    "protein_iptm": 0.3241669237613678,
    "complex_plddt": 0.8430487513542175,
    "complex_iplddt": 0.7940241694450378,
    "complex_pde": 1.6239904165267944,
    "complex_ipde": 17.209074020385742,
    "chains_ptm": {
        "0": 0.7238077521324158,
        "1": 0.722815752029419,
        "2": 0.8073352575302124,
        "3": 0.8928919434547424
    },
    "pair_chains_iptm": {
        "0": {
            "0": 0.7238077521324158,
            "1": 0.29909127950668335,
            "2": 0.25023987889289856,
            "3": 0.23765799403190613
        },
        "1": {
            "0": 0.30936354398727417,
            "1": 0.722815752029419,
            "2": 0.26001405715942383,
            "3": 0.4380749464035034
        },
        "2": {
            "0": 0.2595899701118469,
            "1": 0.2673419415950775,
            "2": 0.8073352575302124,
            "3": 0.22573892772197723
        },
        "3": {
            "0": 0.2637859880924225,
            "1": 0.5446923971176147,
            "2": 0.24065405130386353,
            "3": 0.8928919434547424
        }
    }
}