{
    "confidence_score": 0.8253936767578125,
    "ptm": 0.7362427711486816,
    "iptm": 0.44292837381362915,
    "ligand_iptm": 0.0,
    "protein_iptm": 0.44292837381362915,
    "complex_plddt": 0.9210100173950195,
    "complex_iplddt": 0.8836736679077148,
    "complex_pde": 0.6797387003898621,
    "complex_ipde": 3.010004758834839,
    "chains_ptm": {
        "0": 0.9299753308296204,
        "1": 0.9484930634498596
    },
    "pair_chains_iptm": {
        "0": {
            "0": 0.9299753308296204,
            "1": 0.4128710925579071
        },
        "1": {
            "0": 0.44292837381362915,
            "1": 0.9484930634498596
        }
    }
}