{
    "confidence_score": 0.7967066764831543,
    "ptm": 0.5096173882484436,
    "iptm": 0.40573832392692566,
    "ligand_iptm": 0.0,
    "protein_iptm": 0.40573832392692566,
    "complex_plddt": 0.8944487571716309,
    "complex_iplddt": 0.8848588466644287,
    "complex_pde": 1.0850183963775635,
    "complex_ipde": 11.915412902832031,
    "chains_ptm": {
        "0": 0.9503946304321289,
        "1": 0.943167507648468,
        "2": 0.9451478719711304,
        "3": 0.8066977858543396
    },
    "pair_chains_iptm": {
        "0": {
            "0": 0.9503946304321289,
            "1": 0.5888441801071167,
            "2": 0.6153402328491211,
            "3": 0.24627862870693207
        },
        "1": {
            "0": 0.6106807589530945,
            "1": 0.943167507648468,
            "2": 0.6714125275611877,
            "3": 0.20253226161003113
        },
        "2": {
            "0": 0.6558254957199097,
            "1": 0.6560772061347961,
            "2": 0.9451478719711304,
            "3": 0.20265638828277588
        },
        "3": {
            "0": 0.23874951899051666,
            "1": 0.22091041505336761,
            "2": 0.22110363841056824,
            "3": 0.8066977858543396
        }
    }
}