{
    "confidence_score": 0.787319004535675,
    "ptm": 0.5612621307373047,
    "iptm": 0.48093873262405396,
    "ligand_iptm": 0.0,
    "protein_iptm": 0.48093873262405396,
    "complex_plddt": 0.8639140725135803,
    "complex_iplddt": 0.8352846503257751,
    "complex_pde": 0.9572858214378357,
    "complex_ipde": 10.073982238769531,
    "chains_ptm": {
        "0": 0.9419028162956238,
        "1": 0.9370985627174377,
        "2": 0.9339059591293335,
        "3": 0.925637423992157
    },
    "pair_chains_iptm": {
        "0": {
            "0": 0.9419028162956238,
            "1": 0.6025448441505432,
            "2": 0.6283388137817383,
            "3": 0.39612171053886414
        },
        "1": {
            "0": 0.6150496006011963,
            "1": 0.9370985627174377,
            "2": 0.6690236926078796,
            "3": 0.26799479126930237
        },
        "2": {
            "0": 0.656557023525238,
            "1": 0.6617254614830017,
            "2": 0.9339059591293335,
            "3": 0.24956247210502625
        },
        "3": {
            "0": 0.3527224063873291,
            "1": 0.28136253356933594,
            "2": 0.29215264320373535,
            "3": 0.925637423992157
        }
    }
}