{
    "confidence_score": 0.779541015625,
    "ptm": 0.7337654232978821,
    "iptm": 0.299508273601532,
    "ligand_iptm": 0.0,
    "protein_iptm": 0.299508273601532,
    "complex_plddt": 0.8995491862297058,
    "complex_iplddt": 0.8519306778907776,
    "complex_pde": 0.565432608127594,
    "complex_ipde": 7.140856742858887,
    "chains_ptm": {
        "0": 0.9340945482254028,
        "1": 0.9251808524131775
    },
    "pair_chains_iptm": {
        "0": {
            "0": 0.9340945482254028,
            "1": 0.299508273601532
        },
        "1": {
            "0": 0.2558945417404175,
            "1": 0.9251808524131775
        }
    }
}