{
    "confidence_score": 0.8372877240180969,
    "ptm": 0.6443290114402771,
    "iptm": 0.5824258327484131,
    "ligand_iptm": 0.0,
    "protein_iptm": 0.5824258327484131,
    "complex_plddt": 0.9010031223297119,
    "complex_iplddt": 0.8773601055145264,
    "complex_pde": 0.6581861972808838,
    "complex_ipde": 6.434541702270508,
    "chains_ptm": {
        "0": 0.9151573777198792,
        "1": 0.9099595546722412,
        "2": 0.916724681854248,
        "3": 0.9335290789604187
    },
    "pair_chains_iptm": {
        "0": {
            "0": 0.9151573777198792,
            "1": 0.6989413499832153,
            "2": 0.7183061242103577,
            "3": 0.25470972061157227
        },
        "1": {
            "0": 0.6917309761047363,
            "1": 0.9099595546722412,
            "2": 0.6967529654502869,
            "3": 0.3019525706768036
        },
        "2": {
            "0": 0.7136266827583313,
            "1": 0.7131549715995789,
            "2": 0.916724681854248,
            "3": 0.23693376779556274
        },
        "3": {
            "0": 0.2723081707954407,
            "1": 0.3059268891811371,
            "2": 0.28737542033195496,
            "3": 0.9335290789604187
        }
    }
}