{
    "confidence_score": 0.8323747515678406,
    "ptm": 0.6291396021842957,
    "iptm": 0.5702091455459595,
    "ligand_iptm": 0.0,
    "protein_iptm": 0.5702091455459595,
    "complex_plddt": 0.8979161381721497,
    "complex_iplddt": 0.8776097297668457,
    "complex_pde": 0.6547273993492126,
    "complex_ipde": 6.3552398681640625,
    "chains_ptm": {
        "0": 0.9053911566734314,
        "1": 0.9099329710006714,
        "2": 0.90394127368927,
        "3": 0.9433340430259705
    },
    "pair_chains_iptm": {
        "0": {
            "0": 0.9053911566734314,
            "1": 0.683388352394104,
            "2": 0.7041413187980652,
            "3": 0.26898127794265747
        },
        "1": {
            "0": 0.6743412613868713,
            "1": 0.9099329710006714,
            "2": 0.6737192273139954,
            "3": 0.4280238449573517
        },
        "2": {
            "0": 0.6840311884880066,
            "1": 0.6878809332847595,
            "2": 0.90394127368927,
            "3": 0.2676440179347992
        },
        "3": {
            "0": 0.28204774856567383,
            "1": 0.4480702579021454,
            "2": 0.2733956575393677,
            "3": 0.9433340430259705
        }
    }
}