{
    "confidence_score": 0.8440691828727722,
    "ptm": 0.6440248489379883,
    "iptm": 0.5973067879676819,
    "ligand_iptm": 0.0,
    "protein_iptm": 0.5973067879676819,
    "complex_plddt": 0.9057598114013672,
    "complex_iplddt": 0.8979870080947876,
    "complex_pde": 0.7952783703804016,
    "complex_ipde": 9.190927505493164,
    "chains_ptm": {
        "0": 0.8887402415275574,
        "1": 0.892281174659729,
        "2": 0.8950265645980835,
        "3": 0.9541913866996765,
        "4": 0.9639140367507935
    },
    "pair_chains_iptm": {
        "0": {
            "0": 0.8887402415275574,
            "1": 0.6694055795669556,
            "2": 0.653314471244812,
            "3": 0.1739981323480606,
            "4": 0.19872917234897614
        },
        "1": {
            "0": 0.6628725528717041,
            "1": 0.892281174659729,
            "2": 0.6769025921821594,
            "3": 0.16708269715309143,
            "4": 0.2534077763557434
        },
        "2": {
            "0": 0.6597253680229187,
            "1": 0.6643315553665161,
            "2": 0.8950265645980835,
            "3": 0.1849145144224167,
            "4": 0.2158961147069931
        },
        "3": {
            "0": 0.21441969275474548,
            "1": 0.20617157220840454,
            "2": 0.22324737906455994,
            "3": 0.9541913866996765,
            "4": 0.16274334490299225
        },
        "4": {
            "0": 0.31553688645362854,
            "1": 0.3547166585922241,
            "2": 0.32097089290618896,
            "3": 0.1599438339471817,
            "4": 0.9639140367507935
        }
    }
}