{
    "confidence_score": 0.8349302411079407,
    "ptm": 0.727380096912384,
    "iptm": 0.8074594736099243,
    "ligand_iptm": 0.0,
    "protein_iptm": 0.8074594736099243,
    "complex_plddt": 0.841797947883606,
    "complex_iplddt": 0.8094049096107483,
    "complex_pde": 1.102278232574463,
    "complex_ipde": 4.887073040008545,
    "chains_ptm": {
        "0": 0.8709365129470825,
        "1": 0.6760362386703491
    },
    "pair_chains_iptm": {
        "0": {
            "0": 0.8709365129470825,
            "1": 0.8074594736099243
        },
        "1": {
            "0": 0.6321844458580017,
            "1": 0.6760362386703491
        }
    }
}