{
    "confidence_score": 0.8056588172912598,
    "ptm": 0.6955100297927856,
    "iptm": 0.597346305847168,
    "ligand_iptm": 0.0,
    "protein_iptm": 0.597346305847168,
    "complex_plddt": 0.8577369451522827,
    "complex_iplddt": 0.8532041907310486,
    "complex_pde": 0.9862711429595947,
    "complex_ipde": 8.617131233215332,
    "chains_ptm": {
        "0": 0.9508436918258667,
        "1": 0.944823682308197,
        "2": 0.9308978915214539,
        "3": 0.9423505663871765
    },
    "pair_chains_iptm": {
        "0": {
            "0": 0.9508436918258667,
            "1": 0.6565635800361633,
            "2": 0.6641117334365845,
            "3": 0.29928871989250183
        },
        "1": {
            "0": 0.6618221402168274,
            "1": 0.944823682308197,
            "2": 0.6973984241485596,
            "3": 0.15317948162555695
        },
        "2": {
            "0": 0.6734991669654846,
            "1": 0.7016757726669312,
            "2": 0.9308978915214539,
            "3": 0.16055600345134735
        },
        "3": {
            "0": 0.37248358130455017,
            "1": 0.2853400409221649,
            "2": 0.2933254539966583,
            "3": 0.9423505663871765
        }
    }
}