{
    "confidence_score": 0.8537543416023254,
    "ptm": 0.7022143602371216,
    "iptm": 0.661711573600769,
    "ligand_iptm": 0.0,
    "protein_iptm": 0.661711573600769,
    "complex_plddt": 0.901764988899231,
    "complex_iplddt": 0.8836017847061157,
    "complex_pde": 0.6690517663955688,
    "complex_ipde": 5.97923469543457,
    "chains_ptm": {
        "0": 0.9042428731918335,
        "1": 0.9132266044616699,
        "2": 0.9097931981086731,
        "3": 0.9616943597793579
    },
    "pair_chains_iptm": {
        "0": {
            "0": 0.9042428731918335,
            "1": 0.6928983330726624,
            "2": 0.7021311521530151,
            "3": 0.27354875206947327
        },
        "1": {
            "0": 0.6966203451156616,
            "1": 0.9132266044616699,
            "2": 0.6999593377113342,
            "3": 0.3967614769935608
        },
        "2": {
            "0": 0.6954216361045837,
            "1": 0.7092610001564026,
            "2": 0.9097931981086731,
            "3": 0.2710547149181366
        },
        "3": {
            "0": 0.38050755858421326,
            "1": 0.5103124976158142,
            "2": 0.36686986684799194,
            "3": 0.9616943597793579
        }
    }
}