{
    "confidence_score": 0.8077872395515442,
    "ptm": 0.6871427893638611,
    "iptm": 0.5796789526939392,
    "ligand_iptm": 0.0,
    "protein_iptm": 0.5796789526939392,
    "complex_plddt": 0.864814281463623,
    "complex_iplddt": 0.8522431254386902,
    "complex_pde": 0.9903126358985901,
    "complex_ipde": 9.40129566192627,
    "chains_ptm": {
        "0": 0.94581139087677,
        "1": 0.945807695388794,
        "2": 0.9387836456298828,
        "3": 0.9570136070251465
    },
    "pair_chains_iptm": {
        "0": {
            "0": 0.94581139087677,
            "1": 0.6080546975135803,
            "2": 0.6454149484634399,
            "3": 0.2558113634586334
        },
        "1": {
            "0": 0.616121768951416,
            "1": 0.945807695388794,
            "2": 0.6950088739395142,
            "3": 0.14614573121070862
        },
        "2": {
            "0": 0.6656404137611389,
            "1": 0.6967330574989319,
            "2": 0.9387836456298828,
            "3": 0.14998839795589447
        },
        "3": {
            "0": 0.3220973014831543,
            "1": 0.2473250925540924,
            "2": 0.26840806007385254,
            "3": 0.9570136070251465
        }
    }
}