{
    "confidence_score": 0.7887719869613647,
    "ptm": 0.6878515481948853,
    "iptm": 0.49074435234069824,
    "ligand_iptm": 0.0,
    "protein_iptm": 0.49074435234069824,
    "complex_plddt": 0.863278865814209,
    "complex_iplddt": 0.8184503316879272,
    "complex_pde": 0.7617825865745544,
    "complex_ipde": 9.467584609985352,
    "chains_ptm": {
        "0": 0.8750964403152466,
        "1": 0.829041063785553
    },
    "pair_chains_iptm": {
        "0": {
            "0": 0.8750964403152466,
            "1": 0.49074435234069824
        },
        "1": {
            "0": 0.37835410237312317,
            "1": 0.829041063785553
        }
    }
}