{
    "confidence_score": 0.779034435749054,
    "ptm": 0.6290163993835449,
    "iptm": 0.49278855323791504,
    "ligand_iptm": 0.0,
    "protein_iptm": 0.49278855323791504,
    "complex_plddt": 0.8505958914756775,
    "complex_iplddt": 0.8370146155357361,
    "complex_pde": 1.0687079429626465,
    "complex_ipde": 10.793012619018555,
    "chains_ptm": {
        "0": 0.9481032490730286,
        "1": 0.9460310339927673,
        "2": 0.9457070827484131,
        "3": 0.947485625743866
    },
    "pair_chains_iptm": {
        "0": {
            "0": 0.9481032490730286,
            "1": 0.5757371187210083,
            "2": 0.4254215359687805,
            "3": 0.13549555838108063
        },
        "1": {
            "0": 0.6304759979248047,
            "1": 0.9460310339927673,
            "2": 0.5880678296089172,
            "3": 0.19808648526668549
        },
        "2": {
            "0": 0.4503154158592224,
            "1": 0.5655524134635925,
            "2": 0.9457070827484131,
            "3": 0.3495737314224243
        },
        "3": {
            "0": 0.23031000792980194,
            "1": 0.294935941696167,
            "2": 0.46874260902404785,
            "3": 0.947485625743866
        }
    }
}