{
    "confidence_score": 0.8020314574241638,
    "ptm": 0.6820480227470398,
    "iptm": 0.5701754689216614,
    "ligand_iptm": 0.0,
    "protein_iptm": 0.5701754689216614,
    "complex_plddt": 0.8599953651428223,
    "complex_iplddt": 0.8557831048965454,
    "complex_pde": 1.027908444404602,
    "complex_ipde": 10.05336856842041,
    "chains_ptm": {
        "0": 0.9455384016036987,
        "1": 0.9455559849739075,
        "2": 0.9359334111213684,
        "3": 0.9425085186958313
    },
    "pair_chains_iptm": {
        "0": {
            "0": 0.9455384016036987,
            "1": 0.6063029170036316,
            "2": 0.5449113249778748,
            "3": 0.17491598427295685
        },
        "1": {
            "0": 0.6390714645385742,
            "1": 0.9455559849739075,
            "2": 0.6530750393867493,
            "3": 0.30676624178886414
        },
        "2": {
            "0": 0.5581051707267761,
            "1": 0.6462695598602295,
            "2": 0.9359334111213684,
            "3": 0.20656444132328033
        },
        "3": {
            "0": 0.30851733684539795,
            "1": 0.4041348695755005,
            "2": 0.3414352238178253,
            "3": 0.9425085186958313
        }
    }
}