{
    "confidence_score": 0.8171910643577576,
    "ptm": 0.6083947420120239,
    "iptm": 0.515005886554718,
    "ligand_iptm": 0.0,
    "protein_iptm": 0.515005886554718,
    "complex_plddt": 0.8927372694015503,
    "complex_iplddt": 0.8776264786720276,
    "complex_pde": 0.8731691241264343,
    "complex_ipde": 9.075911521911621,
    "chains_ptm": {
        "0": 0.9619729518890381,
        "1": 0.957093358039856,
        "2": 0.9535984992980957,
        "3": 0.9241464734077454
    },
    "pair_chains_iptm": {
        "0": {
            "0": 0.9619729518890381,
            "1": 0.6624612212181091,
            "2": 0.68851637840271,
            "3": 0.4054194390773773
        },
        "1": {
            "0": 0.6783092021942139,
            "1": 0.957093358039856,
            "2": 0.7385299205780029,
            "3": 0.28686782717704773
        },
        "2": {
            "0": 0.7172228097915649,
            "1": 0.7278252243995667,
            "2": 0.9535984992980957,
            "3": 0.3004647493362427
        },
        "3": {
            "0": 0.3523871898651123,
            "1": 0.302008718252182,
            "2": 0.31329119205474854,
            "3": 0.9241464734077454
        }
    }
}