{
    "confidence_score": 0.8286097645759583,
    "ptm": 0.7410801649093628,
    "iptm": 0.448340505361557,
    "ligand_iptm": 0.0,
    "protein_iptm": 0.448340505361557,
    "complex_plddt": 0.9236770272254944,
    "complex_iplddt": 0.8846582770347595,
    "complex_pde": 0.6584528684616089,
    "complex_ipde": 3.0350165367126465,
    "chains_ptm": {
        "0": 0.9344528317451477,
        "1": 0.9493389129638672
    },
    "pair_chains_iptm": {
        "0": {
            "0": 0.9344528317451477,
            "1": 0.412291944026947
        },
        "1": {
            "0": 0.448340505361557,
            "1": 0.9493389129638672
        }
    }
}