{
    "confidence_score": 0.8547895550727844,
    "ptm": 0.7027125358581543,
    "iptm": 0.6641416549682617,
    "ligand_iptm": 0.0,
    "protein_iptm": 0.6641416549682617,
    "complex_plddt": 0.9024515151977539,
    "complex_iplddt": 0.8839590549468994,
    "complex_pde": 0.6380669474601746,
    "complex_ipde": 5.459843635559082,
    "chains_ptm": {
        "0": 0.9084120392799377,
        "1": 0.9186094999313354,
        "2": 0.9090203642845154,
        "3": 0.9724316000938416
    },
    "pair_chains_iptm": {
        "0": {
            "0": 0.9084120392799377,
            "1": 0.687952995300293,
            "2": 0.6966744065284729,
            "3": 0.5411064028739929
        },
        "1": {
            "0": 0.6961674690246582,
            "1": 0.9186094999313354,
            "2": 0.7023306488990784,
            "3": 0.32996001839637756
        },
        "2": {
            "0": 0.6855307221412659,
            "1": 0.7042329907417297,
            "2": 0.9090203642845154,
            "3": 0.3748990297317505
        },
        "3": {
            "0": 0.6525522470474243,
            "1": 0.4003738462924957,
            "2": 0.48907509446144104,
            "3": 0.9724316000938416
        }
    }
}