{
    "confidence_score": 0.8076675534248352,
    "ptm": 0.7034064531326294,
    "iptm": 0.6029952168464661,
    "ligand_iptm": 0.0,
    "protein_iptm": 0.6029952168464661,
    "complex_plddt": 0.8588355779647827,
    "complex_iplddt": 0.8569331169128418,
    "complex_pde": 0.9726256728172302,
    "complex_ipde": 8.513557434082031,
    "chains_ptm": {
        "0": 0.9496040940284729,
        "1": 0.946613609790802,
        "2": 0.9388248324394226,
        "3": 0.9430031776428223
    },
    "pair_chains_iptm": {
        "0": {
            "0": 0.9496040940284729,
            "1": 0.6480745077133179,
            "2": 0.6731840968132019,
            "3": 0.2980755865573883
        },
        "1": {
            "0": 0.6522513031959534,
            "1": 0.946613609790802,
            "2": 0.7104790210723877,
            "3": 0.15585285425186157
        },
        "2": {
            "0": 0.6935120820999146,
            "1": 0.7175822854042053,
            "2": 0.9388248324394226,
            "3": 0.16192805767059326
        },
        "3": {
            "0": 0.3731161653995514,
            "1": 0.2796166241168976,
            "2": 0.29161250591278076,
            "3": 0.9430031776428223
        }
    }
}