{
    "confidence_score": 0.828955352306366,
    "ptm": 0.7518609166145325,
    "iptm": 0.6566567420959473,
    "ligand_iptm": 0.0,
    "protein_iptm": 0.6566567420959473,
    "complex_plddt": 0.8720300197601318,
    "complex_iplddt": 0.856354296207428,
    "complex_pde": 0.9784554839134216,
    "complex_ipde": 8.665752410888672,
    "chains_ptm": {
        "0": 0.912678599357605,
        "1": 0.9397011995315552,
        "2": 0.9227942824363708
    },
    "pair_chains_iptm": {
        "0": {
            "0": 0.912678599357605,
            "1": 0.7061747908592224,
            "2": 0.21758687496185303
        },
        "1": {
            "0": 0.6899130344390869,
            "1": 0.9397011995315552,
            "2": 0.23565810918807983
        },
        "2": {
            "0": 0.35631799697875977,
            "1": 0.3607305884361267,
            "2": 0.9227942824363708
        }
    }
}