{
    "confidence_score": 0.8601827621459961,
    "ptm": 0.6952110528945923,
    "iptm": 0.6649796962738037,
    "ligand_iptm": 0.0,
    "protein_iptm": 0.6649796962738037,
    "complex_plddt": 0.908983588218689,
    "complex_iplddt": 0.8843599557876587,
    "complex_pde": 0.6571804881095886,
    "complex_ipde": 5.527760028839111,
    "chains_ptm": {
        "0": 0.8933720588684082,
        "1": 0.9041733145713806,
        "2": 0.8945701122283936,
        "3": 0.9554371237754822
    },
    "pair_chains_iptm": {
        "0": {
            "0": 0.8933720588684082,
            "1": 0.6773267388343811,
            "2": 0.6944327354431152,
            "3": 0.2550754249095917
        },
        "1": {
            "0": 0.6869300603866577,
            "1": 0.9041733145713806,
            "2": 0.6913617849349976,
            "3": 0.340787410736084
        },
        "2": {
            "0": 0.6772735118865967,
            "1": 0.6978194713592529,
            "2": 0.8945701122283936,
            "3": 0.23281718790531158
        },
        "3": {
            "0": 0.4391671419143677,
            "1": 0.4763660430908203,
            "2": 0.41299742460250854,
            "3": 0.9554371237754822
        }
    }
}