{
    "confidence_score": 0.7086004614830017,
    "ptm": 0.5370696187019348,
    "iptm": 0.3996811509132385,
    "ligand_iptm": 0.0,
    "protein_iptm": 0.3996811509132385,
    "complex_plddt": 0.7858303189277649,
    "complex_iplddt": 0.707714319229126,
    "complex_pde": 1.3745180368423462,
    "complex_ipde": 9.987977027893066,
    "chains_ptm": {
        "0": 0.9605095386505127,
        "1": 0.8440659642219543,
        "2": 0.8499699831008911,
        "3": 0.9607206583023071
    },
    "pair_chains_iptm": {
        "0": {
            "0": 0.9605095386505127,
            "1": 0.4138842523097992,
            "2": 0.4349847137928009,
            "3": 0.19070760905742645
        },
        "1": {
            "0": 0.3774777948856354,
            "1": 0.8440659642219543,
            "2": 0.3795612156391144,
            "3": 0.18813958764076233
        },
        "2": {
            "0": 0.42677247524261475,
            "1": 0.3677917420864105,
            "2": 0.8499699831008911,
            "3": 0.3105960488319397
        },
        "3": {
            "0": 0.2497248500585556,
            "1": 0.23235833644866943,
            "2": 0.4035487473011017,
            "3": 0.9607206583023071
        }
    }
}