{
    "confidence_score": 0.8189043998718262,
    "ptm": 0.7231171131134033,
    "iptm": 0.4273605942726135,
    "ligand_iptm": 0.0,
    "protein_iptm": 0.4273605942726135,
    "complex_plddt": 0.9167903065681458,
    "complex_iplddt": 0.8799536824226379,
    "complex_pde": 0.699451208114624,
    "complex_ipde": 3.2587873935699463,
    "chains_ptm": {
        "0": 0.916996955871582,
        "1": 0.9633620977401733
    },
    "pair_chains_iptm": {
        "0": {
            "0": 0.916996955871582,
            "1": 0.39753878116607666
        },
        "1": {
            "0": 0.4273605942726135,
            "1": 0.9633620977401733
        }
    }
}