{
    "confidence_score": 0.8264577984809875,
    "ptm": 0.6946673393249512,
    "iptm": 0.4762071967124939,
    "ligand_iptm": 0.0,
    "protein_iptm": 0.4762071967124939,
    "complex_plddt": 0.9140204787254333,
    "complex_iplddt": 0.8695788979530334,
    "complex_pde": 0.7819945216178894,
    "complex_ipde": 4.102801322937012,
    "chains_ptm": {
        "0": 0.9248230457305908,
        "1": 0.9385690093040466
    },
    "pair_chains_iptm": {
        "0": {
            "0": 0.9248230457305908,
            "1": 0.45233985781669617
        },
        "1": {
            "0": 0.4762071967124939,
            "1": 0.9385690093040466
        }
    }
}