{
    "confidence_score": 0.8511918187141418,
    "ptm": 0.8215166330337524,
    "iptm": 0.7461070418357849,
    "ligand_iptm": 0.0,
    "protein_iptm": 0.7461070418357849,
    "complex_plddt": 0.8774629831314087,
    "complex_iplddt": 0.8601166009902954,
    "complex_pde": 0.7560393214225769,
    "complex_ipde": 5.8930206298828125,
    "chains_ptm": {
        "0": 0.9341415166854858,
        "1": 0.9619789719581604,
        "2": 0.9405546188354492
    },
    "pair_chains_iptm": {
        "0": {
            "0": 0.9341415166854858,
            "1": 0.8319129347801208,
            "2": 0.4117596745491028
        },
        "1": {
            "0": 0.8330901861190796,
            "1": 0.9619789719581604,
            "2": 0.4593464136123657
        },
        "2": {
            "0": 0.5135602951049805,
            "1": 0.5377181172370911,
            "2": 0.9405546188354492
        }
    }
}