{
    "confidence_score": 0.761928379535675,
    "ptm": 0.7081296443939209,
    "iptm": 0.24615611135959625,
    "ligand_iptm": 0.0,
    "protein_iptm": 0.24615611135959625,
    "complex_plddt": 0.8908714056015015,
    "complex_iplddt": 0.8815141916275024,
    "complex_pde": 0.5415372848510742,
    "complex_ipde": 8.66460132598877,
    "chains_ptm": {
        "0": 0.8590822815895081,
        "1": 0.9514745473861694
    },
    "pair_chains_iptm": {
        "0": {
            "0": 0.8590822815895081,
            "1": 0.24615611135959625
        },
        "1": {
            "0": 0.23548951745033264,
            "1": 0.9514745473861694
        }
    }
}