{
    "confidence_score": 0.7403234839439392,
    "ptm": 0.6754467487335205,
    "iptm": 0.20785072445869446,
    "ligand_iptm": 0.0,
    "protein_iptm": 0.20785072445869446,
    "complex_plddt": 0.8734416961669922,
    "complex_iplddt": 0.8306781053543091,
    "complex_pde": 0.8140974640846252,
    "complex_ipde": 14.682336807250977,
    "chains_ptm": {
        "0": 0.7659493088722229,
        "1": 0.9417332410812378
    },
    "pair_chains_iptm": {
        "0": {
            "0": 0.7659493088722229,
            "1": 0.16896982491016388
        },
        "1": {
            "0": 0.20785072445869446,
            "1": 0.9417332410812378
        }
    }
}