{
    "confidence_score": 0.8172537088394165,
    "ptm": 0.7637490034103394,
    "iptm": 0.6611025929450989,
    "ligand_iptm": 0.0,
    "protein_iptm": 0.6611025929450989,
    "complex_plddt": 0.8562914729118347,
    "complex_iplddt": 0.8190650343894958,
    "complex_pde": 0.9749976396560669,
    "complex_ipde": 8.76198959350586,
    "chains_ptm": {
        "0": 0.9121392965316772,
        "1": 0.9413533210754395,
        "2": 0.9615414142608643
    },
    "pair_chains_iptm": {
        "0": {
            "0": 0.9121392965316772,
            "1": 0.6842251420021057,
            "2": 0.275892436504364
        },
        "1": {
            "0": 0.6796252131462097,
            "1": 0.9413533210754395,
            "2": 0.29862073063850403
        },
        "2": {
            "0": 0.44760721921920776,
            "1": 0.46139422059059143,
            "2": 0.9615414142608643
        }
    }
}