{
    "confidence_score": 0.8524193167686462,
    "ptm": 0.695531964302063,
    "iptm": 0.6570480465888977,
    "ligand_iptm": 0.0,
    "protein_iptm": 0.6570480465888977,
    "complex_plddt": 0.9012620449066162,
    "complex_iplddt": 0.8808488845825195,
    "complex_pde": 0.6829652786254883,
    "complex_ipde": 6.365858554840088,
    "chains_ptm": {
        "0": 0.9004306197166443,
        "1": 0.9094415307044983,
        "2": 0.905031681060791,
        "3": 0.9585340023040771
    },
    "pair_chains_iptm": {
        "0": {
            "0": 0.9004306197166443,
            "1": 0.677945613861084,
            "2": 0.6946384906768799,
            "3": 0.2918641269207001
        },
        "1": {
            "0": 0.6899765729904175,
            "1": 0.9094415307044983,
            "2": 0.6922110319137573,
            "3": 0.4050869345664978
        },
        "2": {
            "0": 0.681819498538971,
            "1": 0.7025967240333557,
            "2": 0.905031681060791,
            "3": 0.27742844820022583
        },
        "3": {
            "0": 0.4041159749031067,
            "1": 0.5219837427139282,
            "2": 0.37678834795951843,
            "3": 0.9585340023040771
        }
    }
}