{
    "confidence_score": 0.8005746006965637,
    "ptm": 0.6388599872589111,
    "iptm": 0.5291354060173035,
    "ligand_iptm": 0.0,
    "protein_iptm": 0.5291354060173035,
    "complex_plddt": 0.8684344291687012,
    "complex_iplddt": 0.8469961881637573,
    "complex_pde": 1.137991189956665,
    "complex_ipde": 9.016011238098145,
    "chains_ptm": {
        "0": 0.9388036131858826,
        "1": 0.9301260709762573,
        "2": 0.9244005084037781,
        "3": 0.8721704483032227
    },
    "pair_chains_iptm": {
        "0": {
            "0": 0.9388036131858826,
            "1": 0.593697726726532,
            "2": 0.6469795107841492,
            "3": 0.21358226239681244
        },
        "1": {
            "0": 0.6122051477432251,
            "1": 0.9301260709762573,
            "2": 0.6947623491287231,
            "3": 0.13901755213737488
        },
        "2": {
            "0": 0.6797484755516052,
            "1": 0.6892210841178894,
            "2": 0.9244005084037781,
            "3": 0.1325945258140564
        },
        "3": {
            "0": 0.2505645453929901,
            "1": 0.1982330083847046,
            "2": 0.20636819303035736,
            "3": 0.8721704483032227
        }
    }
}