,chain,residue_number,residue_type,distance,scaffold,sasa_total,sasa_side_chain,relative_side_chain,residue_family,distance_mean,distance_norm,location,sasa_norm,dist_norm,composite_score
0,I,533,LYS,129.64888,adenovirus,101.32,100.5,0.617,Basic,106.695816,22.953064,outer,0.9996346809547004,0.9964912,0.9975390228324751
1,A,79,LYS,152.10188,cmv,106.5,88.91,0.546,Basic,129.36703,22.734848,outer,0.6407515657620041,1.0,0.8802505219206681
2,C,2348,LYS,726.9179,norovirus,66.75,61.58,0.378,Basic,555.0884,171.82953,outer,0.7978221415607986,0.97805554,0.9179777383515854
3,A,54,LYS,84.52299,stmv,121.34,112.01,0.687,Basic,77.85135,6.6716385,outer,1.0,1.0,1.0
4,B,433,LYS,804.2431,glv,178.01,138.57,0.85,Basic,611.4958,192.74731,outer,0.9438898450946643,0.98418975,0.9707564475409135
