{
    "confidence_score": 0.8325102925300598,
    "ptm": 0.7701032161712646,
    "iptm": 0.6754347681999207,
    "ligand_iptm": 0.0,
    "protein_iptm": 0.6754347681999207,
    "complex_plddt": 0.871779203414917,
    "complex_iplddt": 0.8723700642585754,
    "complex_pde": 0.8023072481155396,
    "complex_ipde": 7.229962348937988,
    "chains_ptm": {
        "0": 0.9335023164749146,
        "1": 0.9524790644645691,
        "2": 0.9392573833465576
    },
    "pair_chains_iptm": {
        "0": {
            "0": 0.9335023164749146,
            "1": 0.7736883163452148,
            "2": 0.3285326361656189
        },
        "1": {
            "0": 0.7589468955993652,
            "1": 0.9524790644645691,
            "2": 0.3583000600337982
        },
        "2": {
            "0": 0.43071281909942627,
            "1": 0.4592260718345642,
            "2": 0.9392573833465576
        }
    }
}