{
    "confidence_score": 0.8322397470474243,
    "ptm": 0.6896719932556152,
    "iptm": 0.5685730576515198,
    "ligand_iptm": 0.0,
    "protein_iptm": 0.5685730576515198,
    "complex_plddt": 0.8981563448905945,
    "complex_iplddt": 0.875531017780304,
    "complex_pde": 0.6286479830741882,
    "complex_ipde": 5.475043296813965,
    "chains_ptm": {
        "0": 0.7219049334526062,
        "1": 0.9542796015739441
    },
    "pair_chains_iptm": {
        "0": {
            "0": 0.7219049334526062,
            "1": 0.3387204706668854
        },
        "1": {
            "0": 0.5685730576515198,
            "1": 0.9542796015739441
        }
    }
}