{
    "confidence_score": 0.7521059513092041,
    "ptm": 0.7354206442832947,
    "iptm": 0.27011212706565857,
    "ligand_iptm": 0.0,
    "protein_iptm": 0.27011212706565857,
    "complex_plddt": 0.8726044297218323,
    "complex_iplddt": 0.8607786297798157,
    "complex_pde": 0.5971291065216064,
    "complex_ipde": 8.46110725402832,
    "chains_ptm": {
        "0": 0.9378917813301086,
        "1": 0.9260149598121643
    },
    "pair_chains_iptm": {
        "0": {
            "0": 0.9378917813301086,
            "1": 0.27011212706565857
        },
        "1": {
            "0": 0.21778829395771027,
            "1": 0.9260149598121643
        }
    }
}