{
    "confidence_score": 0.8600055575370789,
    "ptm": 0.7197016477584839,
    "iptm": 0.680526852607727,
    "ligand_iptm": 0.0,
    "protein_iptm": 0.680526852607727,
    "complex_plddt": 0.9048752784729004,
    "complex_iplddt": 0.880037248134613,
    "complex_pde": 0.6341409087181091,
    "complex_ipde": 5.6151533126831055,
    "chains_ptm": {
        "0": 0.9194468259811401,
        "1": 0.9223424196243286,
        "2": 0.9211655855178833,
        "3": 0.9523195028305054
    },
    "pair_chains_iptm": {
        "0": {
            "0": 0.9194468259811401,
            "1": 0.720531165599823,
            "2": 0.738588273525238,
            "3": 0.44567057490348816
        },
        "1": {
            "0": 0.7302428483963013,
            "1": 0.9223424196243286,
            "2": 0.7309920787811279,
            "3": 0.45229971408843994
        },
        "2": {
            "0": 0.7298148274421692,
            "1": 0.7374040484428406,
            "2": 0.9211655855178833,
            "3": 0.3825851380825043
        },
        "3": {
            "0": 0.5396365523338318,
            "1": 0.5518520474433899,
            "2": 0.48703497648239136,
            "3": 0.9523195028305054
        }
    }
}