{
    "confidence_score": 0.8344306349754333,
    "ptm": 0.664858341217041,
    "iptm": 0.6281121969223022,
    "ligand_iptm": 0.0,
    "protein_iptm": 0.6281121969223022,
    "complex_plddt": 0.8860102295875549,
    "complex_iplddt": 0.8695135712623596,
    "complex_pde": 0.7112328410148621,
    "complex_ipde": 6.665013790130615,
    "chains_ptm": {
        "0": 0.8731532692909241,
        "1": 0.8802424669265747,
        "2": 0.8900231719017029,
        "3": 0.9555606245994568
    },
    "pair_chains_iptm": {
        "0": {
            "0": 0.8731532692909241,
            "1": 0.6529198884963989,
            "2": 0.6605210900306702,
            "3": 0.24224914610385895
        },
        "1": {
            "0": 0.6546054482460022,
            "1": 0.8802424669265747,
            "2": 0.6648324728012085,
            "3": 0.3867286741733551
        },
        "2": {
            "0": 0.6666989326477051,
            "1": 0.67914217710495,
            "2": 0.8900231719017029,
            "3": 0.25341230630874634
        },
        "3": {
            "0": 0.3203970193862915,
            "1": 0.5021997690200806,
            "2": 0.35645854473114014,
            "3": 0.9555606245994568
        }
    }
}