{
    "confidence_score": 0.6818953156471252,
    "ptm": 0.6552124619483948,
    "iptm": 0.27940016984939575,
    "ligand_iptm": 0.0,
    "protein_iptm": 0.27940016984939575,
    "complex_plddt": 0.7825191020965576,
    "complex_iplddt": 0.7381519675254822,
    "complex_pde": 0.8738980889320374,
    "complex_ipde": 8.23111629486084,
    "chains_ptm": {
        "0": 0.9299321174621582,
        "1": 0.8242722749710083
    },
    "pair_chains_iptm": {
        "0": {
            "0": 0.9299321174621582,
            "1": 0.27940016984939575
        },
        "1": {
            "0": 0.23617403209209442,
            "1": 0.8242722749710083
        }
    }
}