{
    "confidence_score": 0.7516424059867859,
    "ptm": 0.4819444417953491,
    "iptm": 0.38454028964042664,
    "ligand_iptm": 0.0,
    "protein_iptm": 0.38454028964042664,
    "complex_plddt": 0.8434179425239563,
    "complex_iplddt": 0.8122015595436096,
    "complex_pde": 1.8541312217712402,
    "complex_ipde": 15.273316383361816,
    "chains_ptm": {
        "0": 0.8465262055397034,
        "1": 0.8381701707839966,
        "2": 0.8450198173522949,
        "3": 0.6557565927505493
    },
    "pair_chains_iptm": {
        "0": {
            "0": 0.8465262055397034,
            "1": 0.2559939920902252,
            "2": 0.25300362706184387,
            "3": 0.6024821400642395
        },
        "1": {
            "0": 0.24830111861228943,
            "1": 0.8381701707839966,
            "2": 0.736535370349884,
            "3": 0.26625317335128784
        },
        "2": {
            "0": 0.2492767721414566,
            "1": 0.7429250478744507,
            "2": 0.8450198173522949,
            "3": 0.24706248939037323
        },
        "3": {
            "0": 0.48904427886009216,
            "1": 0.24128678441047668,
            "2": 0.23930028080940247,
            "3": 0.6557565927505493
        }
    }
}